{"cameraMode":{"drawMode":0,"name":"Shaded","section":"Shading Mode"},"sceneLighting":true,"audioPlay":false,"sceneViewState":{"m_AlwaysRefresh":false,"showFog":true,"showSkybox":true,"showFlares":true,"showImageEffects":true,"showParticleSystems":true,"showVisualEffectGraphs":true,"m_FxEnabled":true},"in2DMode":false,"pivot":{"x":-0.7109742164611816,"y":-0.501650333404541,"z":7.9100728034973148},"rotation":{"x":-0.12122789770364762,"y":0.0690431296825409,"z":-0.008375685662031174,"w":-0.9902512431144714},"size":15.295446395874024,"orthographic":false}